name,type,lat,lng,coord_source,confidence,serves,parking_notes,source_ref,notes
Lincoln Gap - Long Trail trailhead,trailhead,44.0948589,-72.9280531,GP,high,Lincoln Brook,Small lots at the top of Lincoln Gap Rd; fill on fall weekends. Pull-offs on the way up on the Warren side give brook access. Road unpaved near the top and closed in winter.,Google Places; general knowledge (seasonal closure),"Lincoln Brook starts just below the gap and follows the road down to Warren village. Long Trail north to Mt Abraham, Sunset Ledge spur."
Appalachian Gap - Long Trail parking (Rte 17),trailhead,44.2108909,-72.9315067,GP,high,Mill Brook (Fayston),Roadside lot at the top of the gap; free.,Google Places,Mill Brook rises on the Fayston side and follows Rte 17 all the way down past Mad River Glen.
Mad River Glen base lots (Rte 17),parking,44.2024842,-72.9175431,GP,high,Mill Brook (Fayston),"Big lots at the base area, 57 Schuss Pass; normally open off-season, check for events.",Google Places,Mill Brook runs right past the base area along Rte 17.
"Phen Basin Trailhead (Battleground Rd, Fayston)",trailhead,44.2002531,-72.8946697,GP,high,Mill Brook (Fayston),"Park in the signed visitor parking just before the covered bridge at the Battleground (off Rte 17), parallel to the road; do not drive over the bridge.",Google Places (reviews describe parking and trail),Trail climbs about 2 miles up an old logging road beside a small cascading brook that drains to Mill Brook (verify the brook's name against the hydrography layer).
Mad River Path - Millbrook Trailhead (Harris Hill Rd),trailhead,44.1809215,-72.8746255,GP,high,Mill Brook (Fayston);Chase Brook (Fayston),NO PARKING at the trailhead itself (signed). Park across from Fayston Elementary School on German Flats Rd and walk in.,https://madriverpath.org/maps ; https://www.madriverpath.org/news ; Google Places reviews,"Mill Brook Trail: 1.5 mi with a 200-ft bridge over Mill Brook, co-located with the Catamount Trail through Chase Brook Town Forest toward the Battleground. Serves both the Mill Brook and Chase Brook (Fayston) B1 points."
Fayston Elementary School lot (German Flats Rd),parking,44.179671,-72.885404,"geocoded 2026-09-24: Nominatim OSM way/569773662: Fayston Elementary School, 782, German Flats Road, Fayston, Warren, Washington C",low,Mill Brook (Fayston);Chase Brook (Fayston),The sanctioned parking for the Millbrook Trailhead per signage; avoid school hours.,Google Places reviews on the trailhead listing,"Geocode: Fayston Elementary School, German Flats Rd, Fayston VT."
Sugarbush - Lincoln Peak base lots (Gate House Ln),parking,44.1361621,-72.9078617,GP,high,Clay Brook;Rice Brook,Large lots at 62 Gate House Ln off Sugarbush Access Rd; free outside ski season.,Google Places,Clay Brook's B1 survey point is about 1 km east along the access road; Rice Brook about 1.3 km. Clay Brook follows Sugarbush Access Rd down to the Mad.
Sugarbush - Mt Ellen base (Mt Ellen Rd / German Flats Rd),parking,44.1773979,-72.9016908,GP,high,Slide Brook;Chase Brook (Fayston),Lots at 626 Mt Ellen Rd; open off-season. German Flats Rd pull-offs.,Google Places,Slide Brook basin is about 1.5 km south; the Chase Brook (Fayston) point is about 1.4 km east along German Flats Rd.
"Hedgehog Brook Trailhead (end of Big Basin Rd, North Fayston)",trailhead,44.2484187,-72.8733994,GP,high,Shepard Brook,Marked lot before the steel gate at the end of the drivable road; trail crosses private land — obey no-parking signs and don't block the gate.,https://www.greenmountainclub.org/hiking/hiking-recommendations/peoples-choice-leaf-peeping-foliage-vermont/ ; https://madrivervalley.com/attraction/burnt-rock-mountain/ ; https://www.pchapin.org/100highest/burnt-rock.html,The trail immediately crosses Shepard Brook (ladder + stepping stones; a ford in high water) then climbs beside Hedgehog Brook to the Long Trail / Burnt Rock. Directions: North Fayston Rd west from Rte 100 (4.5 mi north of Rte 17); dirt after 2.5 mi; straight at the 4-way at 4.0 mi onto Big Basin Rd; trailhead at 5.0 mi.
"Blueberry Lake Trails parking (1825 Plunkton Rd, East Warren)",parking,44.0801222,-72.8378808,GP,high,Mills Brook,"USFS lot on the east side of Plunkton Rd; trailheads across the road. From Warren Main St: Brook Rd 1.9 mi, right on Plunkton Rd 1.8 mi.",https://www.trailfinder.info/trails/trail/blueberry-lake-gmnf ; https://www.madriverriders.org/trails.html ; https://birdinghotspots.org/hotspot/L751883,Closest USFS lot to the inn (about 10 min). The lake's dam is on Mills Brook; the lake is stocked with brook trout (report p.8). Gentle multi-use trail loops.
Austin Brook Trail / Forest Road 25 gate,trailhead,44.063419,-72.855194,"geocoded 2026-09-24: Austin Brook VHD line, downstream end (mouth at Rte 100) - FR 25 gate not in OSM, verify on site",low,Austin Brook,USFS gate at the start of unplowed FR 25; roadside parking. Find the gate off Rte 100 south of Warren — verify on the USFS page.,https://www.fs.usda.gov/recarea/gmfl/recreation/recarea/?recid=83040&actid=91,The trail follows FR 25 about 2 miles up along Austin Brook through mixed forest.
Warren Falls lot (3919 Rte 100),river_access,44.0954381,-72.8643208,GP,high,Mad River,Lot plus roadside spaces; fills on hot afternoons. Short Warren Falls Trail from 3916 Rte 100.,Google Places,Upstream of the falls toward Granville the Mad is small pocket water and mostly wild brookies.
Warren village - covered bridge / Main St,river_access,44.111141,-72.857004,"geocoded 2026-09-24: Nominatim OSM way/1020925958: Warren Covered Bridge, Covered Bridge Road, Warren, Washington County, Vermont, ",low,Mad River;Bradley Brook,Street parking in the village; Warren Store.,general knowledge,"Geocode 'Warren Covered Bridge, Warren VT'. Village pools on the Mad; the Bradley Brook B1 point is about 1 km northwest."
"Riverside Park (Warren, Rte 100)",river_access,44.1360303,-72.8465331,GP,high,Mad River,Small lot; a Google review says parking is paid. Swimming hole with a tire swing.,Google Places; https://westhillbb.com/blog/2025/09/mad-river-path-in-warren-vt/,Start of the Kingsbury Greenway (1.3 mi along the Mad to the Sugarbush snowmaking pond).
Kingsbury Greenway - Wabanaki Conservation Area parking (500 Rte 100),river_access,44.1410747,-72.8458803,GP,high,Mad River,"Flat, easy lot right off Rte 100; open 24h.",Google Places; https://madrivervalley.com/trails/,Other end of the Kingsbury Greenway; flat short path with river access.
"Lareau swimming hole (Rte 100, Waitsfield)",river_access,44.1743106,-72.8323656,GP,high,Mad River,Roadside pull-off at 5919 Main St (Rte 100).,Google Places,Popular swim spot on the Mad between Warren and Waitsfield; fish early.
Waitsfield covered bridge / Bridge St (Great Eddy),river_access,44.1893683,-72.8234842,GP,high,Mad River,On-street parking in the village.,Google Places,Village reach (stocked). Bridge Street Park beach; The Silver Trout fly shop is next door.
Mad River Greenway - Meadow Rd trailhead (Waitsfield),river_access,44.2201058,-72.7892853,GP,high,Mad River,"Lot on the right just before the Meadow Rd bridge, 3.8 mi north of the Rte 100/17 junction. Don't block the business at the south end of the lot.",https://www.trailfinder.info/trails/trail/mad-river-westside-greenway ; https://madriverpath.org/maps,West Greenway: 1.2 mi out-and-back along the Mad with several river access points and a gazebo; the East Greenway continues to the Tremblay Rd lot.
Mad River Greenway - Tremblay Rd parking (Waitsfield),river_access,44.204202,-72.806929,"geocoded 2026-09-24: Nominatim OSM way/19728207 (Tremblay Rd), vertex nearest the Mad River VHD line",low,Mad River,Mad River Path Association lot on Tremblay Rd.,https://madriverpath.org/maps ; https://fpr.vermont.gov/sites/fpr/files/Recreation/Learn_More/Library/Current%20VTS%20Members.pdf,"Geocode 'Tremblay Rd, Waitsfield VT' and put the pin at the river end."
Dog River Jacuzzi Natural Area - Berlin VFD lot (2095 VT-12),river_access,44.1999177,-72.63455,GP,high,Dog River mainstem,Park in the Berlin Volunteer Fire Department lot just north of the Rte 12 bridge; look for the Dog River Park sign and walk down behind the station.,https://vermontriverconservancy.org/sites/dog-river-jacuzzi-natural-area,Vermont River Conservancy access on a premier wild-trout river; this is also the report's 572-ft temperature site. Near the reduced-harvest stretch (verify).
Roxbury Gap Rd / Warren Mountain Rd (the gap),landmark,44.109423,-72.787851,"geocoded 2026-09-24: Nominatim OSM node/205084130: Roxbury Gap, Warren, Washington County, Vermont, United States",low,Felchner Brook,Unpaved road over the Northfield Range from Brook Rd in Warren to Roxbury; pull-offs only.,general knowledge; https://roxburyvt.org/roxburyvt-attractions/,The direct route from the inn to the Dog River side (~25 min). The Felchner Brook B1 point is on the Roxbury side of the gap — verify which road it's nearest.
"Moss Glen Falls pull-off (Granville Gulf, Rte 100)",landmark,44.018022,-72.850075,"geocoded 2026-09-24: Nominatim OSM node/1951272330: Moss Glen Falls, Granville, Addison County, Vermont, 05747, United States",low,Mad River,Roadside pull-off on Rte 100 in Granville Gulf.,general knowledge,"Geocode 'Moss Glen Falls, Granville VT' (rough estimate 44.0275,-72.858). The Mad rises in the gulf; tiny headwater brookie water."
