layer,name,lat,lng,type,category,watershed,species,b1,spawning_trib,private_flag,serves,parking_notes,coord_source,confidence,source_ref,source_url,notes,drive_min_from_inn,drive_src,nearest_access,river,elev_ft,years,max_temp_F,max_7day_avg_F
b1_water,Winooski River (above Lower Cabot),44.401532,-72.313661,,,Winooski mainstem & direct tributaries,BKT,yes,no,no,,,VFWD 2017 Table 6,high,Table 6 p.6; narrative p.1,https://dec.vermont.gov/sites/dec/files/wsm/mapp/docs/mp_UpperWinooskiWatershedFisheriesSummary_2017-12-15.pdf#page=6,Wild brookies abundant in the mainstem above Cabot village; habitat deteriorates below the village where riparian cover is thin.,68.9,OSRM,"Coits Pond (state fishing access) (552 m, 79.9 min); West Hill Pond (state fishing access) (2175 m, 73.9 min)",,,,,
b1_water,Molly's Brook (above Marshfield Dam),44.370495,-72.270039,,,Winooski mainstem & direct tributaries,"BKT, BNT",yes,no,no,,,VFWD 2017 Table 6,high,Table 6 p.6; narrative p.16,https://dec.vermont.gov/sites/dec/files/wsm/mapp/docs/mp_UpperWinooskiWatershedFisheriesSummary_2017-12-15.pdf#page=6,"B1 above Molly's Falls Reservoir; wild brook and brown trout, occasional rainbows.",65.8,OSRM,"Joe's Pond (state fishing access) (1401 m, 70.7 min); Marshfield Dam (state fishing access) (2569 m, 64.2 min)",,,,,
b1_water,Kidders (Hooker) Brook,44.373920,-72.261009,,,Winooski mainstem & direct tributaries,"BKT, BNT",yes,no,no,,,VFWD 2017 Table 6,high,Table 6 p.6; narrative p.16,https://dec.vermont.gov/sites/dec/files/wsm/mapp/docs/mp_UpperWinooskiWatershedFisheriesSummary_2017-12-15.pdf#page=6,Enters Molly's Brook in South Cabot; wild brook and brown trout.,66.3,OSRM,,,,,,
b1_water,Nasmith Brook,44.299742,-72.387648,,,Winooski mainstem & direct tributaries,"BKT, BNT, RBT",yes,yes,no,,,VFWD 2017 Table 6,high,Table 6 p.6; narrative p.16,https://dec.vermont.gov/sites/dec/files/wsm/mapp/docs/mp_UpperWinooskiWatershedFisheriesSummary_2017-12-15.pdf#page=6,Enters the mainstem in Marshfield; important spawning tributary for mainstem trout.,57.6,OSRM,,,,,,
b1_water,Great Brook (Plainfield),44.231992,-72.406267,,,Winooski mainstem & direct tributaries,"BKT, BNT, RBT",yes,yes,no,,,VFWD 2017 Table 6,high,Table 6 p.6; narrative p.17,https://dec.vermont.gov/sites/dec/files/wsm/mapp/docs/mp_UpperWinooskiWatershedFisheriesSummary_2017-12-15.pdf#page=6,Enters the mainstem in Plainfield; important spawning tributary.,61.7,OSRM,,,,,,
b1_water,Jones Brook,44.248972,-72.654826,,,Winooski mainstem & direct tributaries,"BKT, RBT",yes,yes,no,,,VFWD 2017 Table 6,high,Table 6 p.6; narrative p.17,https://dec.vermont.gov/sites/dec/files/wsm/mapp/docs/mp_UpperWinooskiWatershedFisheriesSummary_2017-12-15.pdf#page=6,Enters the mainstem in Montpelier; important spawning tributary; occasional browns.,37.3,OSRM,,,,,,
b1_water,Crossett Brook,44.328050,-72.747014,,,Winooski mainstem & direct tributaries,"BKT, BNT, RBT",yes,yes,no,,,VFWD 2017 Table 6,high,Table 6 p.6; narrative p.17,https://dec.vermont.gov/sites/dec/files/wsm/mapp/docs/mp_UpperWinooskiWatershedFisheriesSummary_2017-12-15.pdf#page=6,Enters the mainstem in Waterbury; important spawning tributary.,23.1,OSRM,,,,,,
b1_water,Thatcher Brook,44.340900,-72.751390,,,Winooski mainstem & direct tributaries,"BKT, BNT, RBT",yes,yes,no,,,VFWD 2017 Table 6,high,Table 6 p.6; narrative p.17,https://dec.vermont.gov/sites/dec/files/wsm/mapp/docs/mp_UpperWinooskiWatershedFisheriesSummary_2017-12-15.pdf#page=6,Enters the mainstem in Waterbury; the narrative calls it an important spawning tributary.,26.5,OSRM,,,,,,
b1_water,Dugar Brook,44.393344,-72.467825,,,Kingsbury Branch,BKT,yes,no,no,,,VFWD 2017 Table 7,high,Table 7 p.6; narrative p.9,https://dec.vermont.gov/sites/dec/files/wsm/mapp/docs/mp_UpperWinooskiWatershedFisheriesSummary_2017-12-15.pdf#page=6,Enters Pekin Brook in North Calais; brook trout and burbot.,67.6,OSRM,"Mirror Lake (state fishing access) (1277 m, 66.9 min); Nelson Pond (state fishing access) (2090 m, 72.5 min)",,,,,
b1_water,Jail Branch,44.105767,-72.430317,,,Stevens Branch,BKT,yes,no,no,,,VFWD 2017 Table 8,high,Table 8 p.6; narrative p.10,https://dec.vermont.gov/sites/dec/files/wsm/mapp/docs/mp_UpperWinooskiWatershedFisheriesSummary_2017-12-15.pdf#page=6,"B1 above Washington; brookies only in the upper reaches, mixed with relatively large wild browns lower down toward East Barre.",60.5,OSRM,,,,,,
b1_water,Gunners Brook,44.205447,-72.506175,,,Stevens Branch,"BKT, BNT, RBT",yes,yes,no,,,VFWD 2017 Table 8,high,Table 8 p.6; narrative p.10,https://dec.vermont.gov/sites/dec/files/wsm/mapp/docs/mp_UpperWinooskiWatershedFisheriesSummary_2017-12-15.pdf#page=6,Important spawning tributary for Stevens Branch trout.,44.3,OSRM,,,,,,
b1_water,Stevens Branch,44.132939,-72.533325,,,Stevens Branch,BKT,yes,no,no,,,VFWD 2017 Table 8,high,Table 8 p.6; narrative p.10,https://dec.vermont.gov/sites/dec/files/wsm/mapp/docs/mp_UpperWinooskiWatershedFisheriesSummary_2017-12-15.pdf#page=6,"B1 from Williamstown upstream; brookies only above Route 63 in South Barre, mixed below.",44.5,OSRM,,,,,,
b1_water,Martins Brook,44.353128,-72.606703,,,North Branch,"BKT, BNT",yes,no,no,,,VFWD 2017 Table 9,high,Table 9 p.6; narrative p.12,https://dec.vermont.gov/sites/dec/files/wsm/mapp/docs/mp_UpperWinooskiWatershedFisheriesSummary_2017-12-15.pdf#page=6,Wild brook and brown trout.,43.3,OSRM,,,,,,
b1_water,Herrick Brook,44.346283,-72.609164,,,North Branch,"BKT, BNT",yes,no,no,,,VFWD 2017 Table 9,high,Table 9 p.6; narrative p.12,https://dec.vermont.gov/sites/dec/files/wsm/mapp/docs/mp_UpperWinooskiWatershedFisheriesSummary_2017-12-15.pdf#page=6,Wild brook and brown trout.,41.7,OSRM,,,,,,
b1_water,Dog River mainstem,44.246156,-72.599111,,,Dog River,"BKT, BNT, RBT",yes,no,no,,,VFWD 2017 Table 10,high,Table 10 p.7; narrative p.13,https://dec.vermont.gov/sites/dec/files/wsm/mapp/docs/mp_UpperWinooskiWatershedFisheriesSummary_2017-12-15.pdf#page=7,"Whole mainstem is B1 and managed as wild trout water; brookies only above Route 12A in Roxbury, mixed below, browns/rainbows dominate below Northfield Falls. Reduced-harvest regs on a 4.3-mile stretch in Berlin (verify current regs). Point is near the mouth.",38.2,OSRM,"Dog River Jacuzzi Natural Area - Berlin VFD lot (2095 VT-12) (69 m, 39.2 min); Roxbury Gap Rd / Warren Mountain Rd (the gap) (1057 m, 13.1 min); Berlin Pond (state fishing access) (2694 m, 39.8 min)",,,,,
b1_water,Felchner Brook,44.125128,-72.715756,,,Dog River,BKT,yes,no,no,,,VFWD 2017 Table 10,high,Table 10 p.7; narrative p.13,https://dec.vermont.gov/sites/dec/files/wsm/mapp/docs/mp_UpperWinooskiWatershedFisheriesSummary_2017-12-15.pdf#page=7,Brookies only above the falls; browns join below.,28.1,OSRM,"Roxbury Gap Rd / Warren Mountain Rd (the gap) (3922 m, 13.1 min)",,,,,
b1_water,Stony Brook (Roxbury),44.119219,-72.681664,,,Dog River,"BKT, BNT, RBT",yes,no,no,,,VFWD 2017 Table 10,high,Table 10 p.7; narrative p.13,https://dec.vermont.gov/sites/dec/files/wsm/mapp/docs/mp_UpperWinooskiWatershedFisheriesSummary_2017-12-15.pdf#page=7,Wild trout; upper Dog River valley.,29.5,OSRM,,,,,,
b1_water,Bull Run,44.117139,-72.672956,,,Dog River,"BKT, BNT, RBT",yes,no,no,,,VFWD 2017 Table 10,high,Table 10 p.7; narrative p.13,https://dec.vermont.gov/sites/dec/files/wsm/mapp/docs/mp_UpperWinooskiWatershedFisheriesSummary_2017-12-15.pdf#page=7,"Wild brook, brown and rainbow trout.",28.1,OSRM,,,,,,
b1_water,Sunny Brook (Roxbury),44.120875,-72.658308,,,Dog River,"BKT, BNT, RBT",yes,no,no,,,VFWD 2017 Table 10,high,Table 10 p.7; narrative p.13,https://dec.vermont.gov/sites/dec/files/wsm/mapp/docs/mp_UpperWinooskiWatershedFisheriesSummary_2017-12-15.pdf#page=7,"Wild brook, brown and rainbow trout.",30.9,OSRM,"Baker Pond (Brookfield) (state fishing access) (152 m, 39.3 min)",,,,,
b1_water,Robinson Brook,44.116064,-72.642978,,,Dog River,"BKT, BNT, RBT",yes,no,no,,,VFWD 2017 Table 10,high,Table 10 p.7; narrative p.13,https://dec.vermont.gov/sites/dec/files/wsm/mapp/docs/mp_UpperWinooskiWatershedFisheriesSummary_2017-12-15.pdf#page=7,"Wild brook, brown and rainbow trout.",34.5,OSRM,,,,,,
b1_water,Union Brook,44.157722,-72.677042,,,Dog River,BKT,yes,no,no,,,VFWD 2017 Table 10,high,Table 10 p.7; narrative p.13,https://dec.vermont.gov/sites/dec/files/wsm/mapp/docs/mp_UpperWinooskiWatershedFisheriesSummary_2017-12-15.pdf#page=7,Wild brook trout; Northfield.,38.6,OSRM,,,,,,
b1_water,Chase Brook (Dog River),44.206727,-72.636622,,,Dog River,"BKT, BNT, RBT",yes,yes,no,,,VFWD 2017 Table 10,high,Table 10 p.7; narrative p.13-14,https://dec.vermont.gov/sites/dec/files/wsm/mapp/docs/mp_UpperWinooskiWatershedFisheriesSummary_2017-12-15.pdf#page=7,Managed as rainbow spawning water; closed to fishing until June 1 under special regs (verify current regs). Not the Fayston Chase Brook.,40.9,OSRM,"Dog River Jacuzzi Natural Area - Berlin VFD lot (2095 VT-12) (691 m, 39.2 min)",,,,,
b1_water,Mad River (above Warren Village),44.112005,-72.855947,,,Mad River,BKT,yes,no,no,,,Google Places (Warren village) — report coordinate rejected,low,Table 11 p.7; narrative p.14-15,https://dec.vermont.gov/sites/dec/files/wsm/mapp/docs/mp_UpperWinooskiWatershedFisheriesSummary_2017-12-15.pdf#page=7,"REPORT COORDINATE PROBLEM: Table 11 gives 44.175722, -72.661631, which lands in the Dog River valley about 10 miles east — almost certainly a transcription error. Plotted at Warren village instead; say this in the popup. Report: the upper Mad above Warren Village has excellent high-gradient forested habitat and some of the highest trout numbers in the watershed, mostly wild brookies with occasional rainbows, managed for wild trout. Below Warren, warmer water and habitat limit trout to big pools and tributary mouths; rainbows stocked from Warren to the Moretown 8 dam; dams in Warren and Moretown fragment habitat.",13.6,OSRM,"Warren village - covered bridge / Main St (31 m, 13.8 min); Warren Falls lot (3919 Rte 100) (38 m, 15.9 min); Moss Glen Falls pull-off (Granville Gulf, Rte 100) (2316 m, 25.8 min)",,,,,
b1_water,Bradley Brook,44.119490,-72.857950,,,Mad River,BKT,yes,no,no,,,VFWD 2017 Table 11,high,Table 11 p.7; narrative p.15,https://dec.vermont.gov/sites/dec/files/wsm/mapp/docs/mp_UpperWinooskiWatershedFisheriesSummary_2017-12-15.pdf#page=7,Wild brook trout; enters the Mad near Warren village.,12.9,OSRM,"Warren village - covered bridge / Main St (838 m, 13.8 min); Sugarbush - Lincoln Peak base lots (Gate House Ln) (1576 m, 21.7 min); Riverside Park (Warren, Rte 100) (2034 m, 10.6 min)",,,,,
b1_water,Clay Brook,44.135150,-72.895369,,,Mad River,BKT,yes,no,no,,,VFWD 2017 Table 11,high,Table 11 p.7; narrative p.15,https://dec.vermont.gov/sites/dec/files/wsm/mapp/docs/mp_UpperWinooskiWatershedFisheriesSummary_2017-12-15.pdf#page=7,"Wild brook trout. Crashed after a 1998 flood, recovered by 2000, then over 1,000 trout/mile every year 2001-2016 (had once been listed as impaired). Point is up near the Sugarbush base; brook follows Sugarbush Access Rd.",20.9,OSRM,"Sugarbush - Lincoln Peak base lots (Gate House Ln) (96 m, 21.7 min); Riverside Park (Warren, Rte 100) (125 m, 10.6 min); Kingsbury Greenway - Wabanaki Conservation Area parking (500 Rte 100) (415 m, 10.4 min)",,,,,
b1_water,Rice Brook,44.138231,-72.891653,,,Mad River,BKT,yes,no,no,,,VFWD 2017 Table 11,high,Table 11 p.7; narrative p.15,https://dec.vermont.gov/sites/dec/files/wsm/mapp/docs/mp_UpperWinooskiWatershedFisheriesSummary_2017-12-15.pdf#page=7,Wild brook trout; Sugarbush area.,18.2,OSRM,"Sugarbush - Lincoln Peak base lots (Gate House Ln) (858 m, 21.7 min); Riverside Park (Warren, Rte 100) (2709 m, 10.6 min); Kingsbury Greenway - Wabanaki Conservation Area parking (500 Rte 100) (2805 m, 10.4 min)",,,,,
b1_water,Mill Brook (Fayston),44.194164,-72.889842,,,Mad River,"BKT, RBT",yes,no,no,,,VFWD 2017 Table 11,high,Table 11 p.7; narrative p.15,https://dec.vermont.gov/sites/dec/files/wsm/mapp/docs/mp_UpperWinooskiWatershedFisheriesSummary_2017-12-15.pdf#page=7,Wild brook and rainbow trout; parallels Route 17 toward Mad River Glen.,12.1,OSRM,"Phen Basin Trailhead (Battleground Rd, Fayston) (20 m, 13.4 min); Appalachian Gap - Long Trail parking (Rte 17) (132 m, 18.5 min); Mad River Path - Millbrook Trailhead (Harris Hill Rd) (415 m, 11.2 min)",,,,,
b1_water,Chase Brook (Fayston),44.178856,-72.884308,,,Mad River,BKT,yes,no,no,,,VFWD 2017 Table 11,high,Table 11 p.7; narrative p.15,https://dec.vermont.gov/sites/dec/files/wsm/mapp/docs/mp_UpperWinooskiWatershedFisheriesSummary_2017-12-15.pdf#page=7,Wild brook trout; German Flats Rd area / Chase Brook Town Forest. Not the Dog River Chase Brook.,12,OSRM,"Fayston Elementary School lot (German Flats Rd) (95 m, 12.4 min); Sugarbush - Mt Ellen base (Mt Ellen Rd / German Flats Rd) (95 m, 15.5 min); Mad River Path - Millbrook Trailhead (Harris Hill Rd) (314 m, 11.2 min)",,,,,
b1_water,Slide Brook,44.167197,-72.887525,,,Mad River,BKT,yes,no,no,,,VFWD 2017 Table 11,high,Table 11 p.7; narrative p.15,https://dec.vermont.gov/sites/dec/files/wsm/mapp/docs/mp_UpperWinooskiWatershedFisheriesSummary_2017-12-15.pdf#page=7,Wild brook trout; the basin between Lincoln Peak and Mt Ellen.,14.4,OSRM,"Sugarbush - Mt Ellen base (Mt Ellen Rd / German Flats Rd) (1263 m, 15.5 min); Fayston Elementary School lot (German Flats Rd) (196 m, 12.4 min); Mad River Path - Millbrook Trailhead (Harris Hill Rd) (774 m, 11.2 min)",,,,,
b1_water,Shepard Brook,44.236758,-72.821114,,,Mad River,"BKT, BNT, RBT",yes,no,no,,,VFWD 2017 Table 11,high,Table 11 p.7; narrative p.15,https://dec.vermont.gov/sites/dec/files/wsm/mapp/docs/mp_UpperWinooskiWatershedFisheriesSummary_2017-12-15.pdf#page=7,"Wild brook, brown and rainbow trout; northern Fayston, enters the Mad between Waitsfield and Moretown. Upper brook is crossed by the Hedgehog Brook Trail at the Big Basin Rd trailhead.",16.2,OSRM,"Hedgehog Brook Trailhead (end of Big Basin Rd, North Fayston) (73 m, 27.9 min); Mad River Greenway - Meadow Rd trailhead (Waitsfield) (842 m, 8.8 min); Mad River Greenway - Tremblay Rd parking (Waitsfield) (2973 m, 6.5 min)",,,,,
b1_water,Dowsville Brook,44.273039,-72.824189,,,Mad River,"BKT, BNT, RBT",yes,no,no,,,VFWD 2017 Table 11,high,Table 11 p.7; narrative p.15,https://dec.vermont.gov/sites/dec/files/wsm/mapp/docs/mp_UpperWinooskiWatershedFisheriesSummary_2017-12-15.pdf#page=7,"Wild brook, brown and rainbow trout; Duxbury/Moretown, along Dowsville Rd.",18.5,OSRM,"Mad River Greenway - Meadow Rd trailhead (Waitsfield) (2852 m, 8.8 min)",,,,,
b1_water,Little River - West Branch,44.523892,-72.774686,,,Little River,BKT,yes,no,no,,,VFWD 2017 Table 12,high,Table 12 p.7; narrative p.16,https://dec.vermont.gov/sites/dec/files/wsm/mapp/docs/mp_UpperWinooskiWatershedFisheriesSummary_2017-12-15.pdf#page=7,"Brookies above the Ranch Brook confluence, brook + brown below; Stowe Mountain Resort withdraws water for snowmaking.",57.6,OSRM,,,,,,
b1_water,Ranch Brook,44.502097,-72.758717,,,Little River,BKT,yes,no,no,,,VFWD 2017 Table 12,high,Table 12 p.7; narrative p.16,https://dec.vermont.gov/sites/dec/files/wsm/mapp/docs/mp_UpperWinooskiWatershedFisheriesSummary_2017-12-15.pdf#page=7,Wild brook trout.,54.7,OSRM,,,,,,
narrative_only,Austin Brook,44.055903,-72.872728,,,Mad River,"BKT, RBT",no,no,no,,,Google Places 2026-09-23,medium,narrative p.15,https://dec.vermont.gov/sites/dec/files/wsm/mapp/docs/mp_UpperWinooskiWatershedFisheriesSummary_2017-12-15.pdf#page=15,Wild brook and rainbow trout (report gives no coordinate). Headwater brook off Route 100 south of Warren; the USFS Austin Brook Trail follows Forest Road 25 up the brook for about 2 miles.,21.4,OSRM,"Austin Brook Trail / Forest Road 25 gate (0 m, 19.8 min); Blueberry Lake Trails parking (1825 Plunkton Rd, East Warren) (2315 m, 16.6 min)",,,,,
narrative_only,Stetson Brook,44.080840,-72.859153,,,Mad River,"BKT, RBT",no,no,no,,,"geocoded 2026-09-24: VHD line, downstream end (no Nominatim hit)",low,narrative p.15,https://dec.vermont.gov/sites/dec/files/wsm/mapp/docs/mp_UpperWinooskiWatershedFisheriesSummary_2017-12-15.pdf#page=15,Wild brook and rainbow trout. Joins the Mad near Austin Brook (Warren/Granville).,17.4,OSRM,"Austin Brook Trail / Forest Road 25 gate (1565 m, 19.8 min); Warren Falls lot (3919 Rte 100) (1675 m, 15.9 min); Blueberry Lake Trails parking (1825 Plunkton Rd, East Warren) (1698 m, 16.6 min)",,,,,
narrative_only,Freeman Brook,44.103507,-72.832765,,,Mad River,"BKT, RBT",no,no,yes,,,Google Places 2026-09-23,medium,narrative p.15,https://dec.vermont.gov/sites/dec/files/wsm/mapp/docs/mp_UpperWinooskiWatershedFisheriesSummary_2017-12-15.pdf#page=15,"Wild brook and rainbow trout. East side of the valley, closest brook to the inn. A Google review says 'Private' — access unknown, ask first.",10.6,OSRM,"Warren village - covered bridge / Main St (342 m, 13.8 min); Warren Falls lot (3919 Rte 100) (2174 m, 15.9 min); Blueberry Lake Trails parking (1825 Plunkton Rd, East Warren) (2175 m, 16.6 min)",,,,,
narrative_only,Lincoln Brook,44.091263,-72.912037,,,Mad River,BKT,no,no,no,,,Google Places 2026-09-23,medium,narrative p.15,https://dec.vermont.gov/sites/dec/files/wsm/mapp/docs/mp_UpperWinooskiWatershedFisheriesSummary_2017-12-15.pdf#page=15,"Wild brook trout. Follows Lincoln Gap Rd (unpaved near the top, closed in winter). 2019 culvert replacement on Lincoln Gap Rd reconnected headwater habitat (Valley Reporter 2019-06-28, https://www.valleyreporter.com/index.php/news/local-news/13423-mad-river-watching-and-fishing).",21.5,OSRM,"Lincoln Gap - Long Trail trailhead (760 m, 23.2 min); Warren Falls lot (3919 Rte 100) (847 m, 15.9 min); Warren village - covered bridge / Main St (919 m, 13.8 min)",,,,,
narrative_only,Folsom Brook,44.127713,-72.789600,,,Mad River,"BKT, BNT, RBT",no,no,no,,,"geocoded 2026-09-24: VHD line, downstream end (Nominatim OSM waterway agrees)",low,narrative p.15,https://dec.vermont.gov/sites/dec/files/wsm/mapp/docs/mp_UpperWinooskiWatershedFisheriesSummary_2017-12-15.pdf#page=15,"Wild brook, brown and rainbow trout; Waitsfield, east side.",10.2,OSRM,"Kingsbury Greenway - Wabanaki Conservation Area parking (500 Rte 100) (1471 m, 10.4 min); Riverside Park (Warren, Rte 100) (1917 m, 10.6 min); Roxbury Gap Rd / Warren Mountain Rd (the gap) (1955 m, 13.1 min)",,,,,
narrative_only,High Bridge Brook,44.176296,-72.778510,,,Mad River,"BKT, BNT, RBT",no,no,no,,,"geocoded 2026-09-24: VHD line, downstream end (Nominatim OSM waterway agrees)",low,narrative p.15,https://dec.vermont.gov/sites/dec/files/wsm/mapp/docs/mp_UpperWinooskiWatershedFisheriesSummary_2017-12-15.pdf#page=15,"Wild brook, brown and rainbow trout; last surveyed 1959.",10.1,OSRM,"Waitsfield covered bridge / Bridge St (Great Eddy) (372 m, 3.6 min); Lareau swimming hole (Rte 100, Waitsfield) (1690 m, 7.8 min); Mad River Greenway - Tremblay Rd parking (Waitsfield) (1960 m, 6.5 min)",,,,,
narrative_only,Pine Brook,44.161712,-72.775716,,,Mad River,"BKT, RBT",no,no,no,,,"geocoded 2026-09-24: VHD line, downstream end (Nominatim OSM waterway agrees)",low,narrative p.15,https://dec.vermont.gov/sites/dec/files/wsm/mapp/docs/mp_UpperWinooskiWatershedFisheriesSummary_2017-12-15.pdf#page=15,"Brookies, with rainbows in the lower reaches; last surveyed 1959. Waitsfield, east side.",12.6,OSRM,"Mad River Greenway - Tremblay Rd parking (Waitsfield) (1022 m, 6.5 min); Mad River Greenway - Meadow Rd trailhead (Waitsfield) (1470 m, 8.8 min)",,,,,
narrative_only,Welder Brook,44.287302,-72.800323,,,Mad River,BKT,no,no,no,,,"geocoded 2026-09-24: VHD line, downstream end (no Nominatim hit)",low,narrative p.15,https://dec.vermont.gov/sites/dec/files/wsm/mapp/docs/mp_UpperWinooskiWatershedFisheriesSummary_2017-12-15.pdf#page=15,Wild brook trout.,18.9,OSRM,"Ward (state fishing access) (2668 m, 20.3 min)",,,,,
narrative_only,Mills Brook,44.080122,-72.837881,,,Mad River,no data,no,no,no,,,Google Places (Blueberry Lake parking) 2026-09-24,low,narrative p.15,https://dec.vermont.gov/sites/dec/files/wsm/mapp/docs/mp_UpperWinooskiWatershedFisheriesSummary_2017-12-15.pdf#page=15,"Listed in the report with no VFWD data. Blueberry Lake in East Warren is a dam on Mills Brook, so the outlet brook starts at the lake; the lake itself gets stocked brook trout (report p.8, USFS access). Move the pin to the outlet below the dam.",16.6,OSRM,"Blueberry Lake Trails parking (1825 Plunkton Rd, East Warren) (0 m, 16.6 min); Austin Brook Trail / Forest Road 25 gate (1262 m, 19.8 min); Warren Falls lot (3919 Rte 100) (2177 m, 15.9 min)",,,,,
narrative_only,Cox Brook,44.234920,-72.716007,,,Dog River,"BKT, RBT",no,no,no,,,"geocoded 2026-09-24: VHD line, downstream end (Nominatim OSM waterway agrees)",low,narrative p.13,https://dec.vermont.gov/sites/dec/files/wsm/mapp/docs/mp_UpperWinooskiWatershedFisheriesSummary_2017-12-15.pdf#page=13,Wild brook and rainbow trout; a dam above the mouth was removed in 2008 for fish passage.,20.2,OSRM,,,,,,
access,Lincoln Gap - Long Trail trailhead,44.094859,-72.928053,trailhead,,,,,,,Lincoln Brook,Small lots at the top of Lincoln Gap Rd; fill on fall weekends. Pull-offs on the way up on the Warren side give brook access. Road unpaved near the top and closed in winter.,GP,high,Google Places; general knowledge (seasonal closure),,"Lincoln Brook starts just below the gap and follows the road down to Warren village. Long Trail north to Mt Abraham, Sunset Ledge spur.",23.2,OSRM,,,,,,
access,Appalachian Gap - Long Trail parking (Rte 17),44.210891,-72.931507,trailhead,,,,,,,Mill Brook (Fayston),Roadside lot at the top of the gap; free.,GP,high,Google Places,,Mill Brook rises on the Fayston side and follows Rte 17 all the way down past Mad River Glen.,18.5,OSRM,,,,,,
access,Mad River Glen base lots (Rte 17),44.202484,-72.917543,parking,,,,,,,Mill Brook (Fayston),"Big lots at the base area, 57 Schuss Pass; normally open off-season, check for events.",GP,high,Google Places,,Mill Brook runs right past the base area along Rte 17.,16,OSRM,,,,,,
access,"Phen Basin Trailhead (Battleground Rd, Fayston)",44.200253,-72.894670,trailhead,,,,,,,Mill Brook (Fayston),"Park in the signed visitor parking just before the covered bridge at the Battleground (off Rte 17), parallel to the road; do not drive over the bridge.",GP,high,Google Places (reviews describe parking and trail),,Trail climbs about 2 miles up an old logging road beside a small cascading brook that drains to Mill Brook (verify the brook's name against the hydrography layer).,13.4,OSRM,,,,,,
access,Mad River Path - Millbrook Trailhead (Harris Hill Rd),44.180921,-72.874625,trailhead,,,,,,,Mill Brook (Fayston); Chase Brook (Fayston),NO PARKING at the trailhead itself (signed). Park across from Fayston Elementary School on German Flats Rd and walk in.,GP,high,https://madriverpath.org/maps ; https://www.madriverpath.org/news ; Google Places reviews,,"Mill Brook Trail: 1.5 mi with a 200-ft bridge over Mill Brook, co-located with the Catamount Trail through Chase Brook Town Forest toward the Battleground. Serves both the Mill Brook and Chase Brook (Fayston) B1 points.",11.2,OSRM,,,,,,
access,Fayston Elementary School lot (German Flats Rd),44.179671,-72.885404,parking,,,,,,,Mill Brook (Fayston); Chase Brook (Fayston),The sanctioned parking for the Millbrook Trailhead per signage; avoid school hours.,"geocoded 2026-09-24: Nominatim OSM way/569773662: Fayston Elementary School, 782, German Flats Road, Fayston, Warren, Washington C",low,Google Places reviews on the trailhead listing,,"Geocode: Fayston Elementary School, German Flats Rd, Fayston VT.",12.4,OSRM,,,,,,
access,Sugarbush - Lincoln Peak base lots (Gate House Ln),44.136162,-72.907862,parking,,,,,,,Clay Brook; Rice Brook,Large lots at 62 Gate House Ln off Sugarbush Access Rd; free outside ski season.,GP,high,Google Places,,Clay Brook's B1 survey point is about 1 km east along the access road; Rice Brook about 1.3 km. Clay Brook follows Sugarbush Access Rd down to the Mad.,21.7,OSRM,,,,,,
access,Sugarbush - Mt Ellen base (Mt Ellen Rd / German Flats Rd),44.177398,-72.901691,parking,,,,,,,Slide Brook; Chase Brook (Fayston),Lots at 626 Mt Ellen Rd; open off-season. German Flats Rd pull-offs.,GP,high,Google Places,,Slide Brook basin is about 1.5 km south; the Chase Brook (Fayston) point is about 1.4 km east along German Flats Rd.,15.5,OSRM,,,,,,
access,"Hedgehog Brook Trailhead (end of Big Basin Rd, North Fayston)",44.248419,-72.873399,trailhead,,,,,,,Shepard Brook,Marked lot before the steel gate at the end of the drivable road; trail crosses private land — obey no-parking signs and don't block the gate.,GP,high,https://www.greenmountainclub.org/hiking/hiking-recommendations/peoples-choice-leaf-peeping-foliage-vermont/ ; https://madrivervalley.com/attraction/burnt-rock-mountain/ ; https://www.pchapin.org/100highest/burnt-rock.html,,The trail immediately crosses Shepard Brook (ladder + stepping stones; a ford in high water) then climbs beside Hedgehog Brook to the Long Trail / Burnt Rock. Directions: North Fayston Rd west from Rte 100 (4.5 mi north of Rte 17); dirt after 2.5 mi; straight at the 4-way at 4.0 mi onto Big Basin Rd; trailhead at 5.0 mi.,27.9,OSRM,,,,,,
access,"Blueberry Lake Trails parking (1825 Plunkton Rd, East Warren)",44.080122,-72.837881,parking,,,,,,,Mills Brook,"USFS lot on the east side of Plunkton Rd; trailheads across the road. From Warren Main St: Brook Rd 1.9 mi, right on Plunkton Rd 1.8 mi.",GP,high,https://www.trailfinder.info/trails/trail/blueberry-lake-gmnf ; https://www.madriverriders.org/trails.html ; https://birdinghotspots.org/hotspot/L751883,,Closest USFS lot to the inn (about 10 min). The lake's dam is on Mills Brook; the lake is stocked with brook trout (report p.8). Gentle multi-use trail loops.,16.6,OSRM,,,,,,
access,Austin Brook Trail / Forest Road 25 gate,44.063419,-72.855194,trailhead,,,,,,,Austin Brook,USFS gate at the start of unplowed FR 25; roadside parking. Find the gate off Rte 100 south of Warren — verify on the USFS page.,"geocoded 2026-09-24: Austin Brook VHD line, downstream end (mouth at Rte 100) - FR 25 gate not in OSM, verify on site",low,https://www.fs.usda.gov/recarea/gmfl/recreation/recarea/?recid=83040&actid=91,,The trail follows FR 25 about 2 miles up along Austin Brook through mixed forest.,19.8,OSRM,,,,,,
access,Warren Falls lot (3919 Rte 100),44.095438,-72.864321,river_access,,,,,,,Mad River,Lot plus roadside spaces; fills on hot afternoons. Short Warren Falls Trail from 3916 Rte 100.,GP,high,Google Places,,Upstream of the falls toward Granville the Mad is small pocket water and mostly wild brookies.,15.9,OSRM,,,,,,
access,Warren village - covered bridge / Main St,44.111141,-72.857004,river_access,,,,,,,Mad River; Bradley Brook,Street parking in the village; Warren Store.,"geocoded 2026-09-24: Nominatim OSM way/1020925958: Warren Covered Bridge, Covered Bridge Road, Warren, Washington County, Vermont, ",low,general knowledge,,"Geocode 'Warren Covered Bridge, Warren VT'. Village pools on the Mad; the Bradley Brook B1 point is about 1 km northwest.",13.8,OSRM,,,,,,
access,"Riverside Park (Warren, Rte 100)",44.136030,-72.846533,river_access,,,,,,,Mad River,Small lot; a Google review says parking is paid. Swimming hole with a tire swing.,GP,high,Google Places; https://westhillbb.com/blog/2025/09/mad-river-path-in-warren-vt/,,Start of the Kingsbury Greenway (1.3 mi along the Mad to the Sugarbush snowmaking pond).,10.6,OSRM,,,,,,
access,Kingsbury Greenway - Wabanaki Conservation Area parking (500 Rte 100),44.141075,-72.845880,river_access,,,,,,,Mad River,"Flat, easy lot right off Rte 100; open 24h.",GP,high,Google Places; https://madrivervalley.com/trails/,,Other end of the Kingsbury Greenway; flat short path with river access.,10.4,OSRM,,,,,,
access,"Lareau swimming hole (Rte 100, Waitsfield)",44.174311,-72.832366,river_access,,,,,,,Mad River,Roadside pull-off at 5919 Main St (Rte 100).,GP,high,Google Places,,Popular swim spot on the Mad between Warren and Waitsfield; fish early.,7.8,OSRM,,,,,,
access,Waitsfield covered bridge / Bridge St (Great Eddy),44.189368,-72.823484,river_access,,,,,,,Mad River,On-street parking in the village.,GP,high,Google Places,,Village reach (stocked). Bridge Street Park beach; The Silver Trout fly shop is next door.,3.6,OSRM,,,,,,
access,Mad River Greenway - Meadow Rd trailhead (Waitsfield),44.220106,-72.789285,river_access,,,,,,,Mad River,"Lot on the right just before the Meadow Rd bridge, 3.8 mi north of the Rte 100/17 junction. Don't block the business at the south end of the lot.",GP,high,https://www.trailfinder.info/trails/trail/mad-river-westside-greenway ; https://madriverpath.org/maps,,West Greenway: 1.2 mi out-and-back along the Mad with several river access points and a gazebo; the East Greenway continues to the Tremblay Rd lot.,8.8,OSRM,,,,,,
access,Mad River Greenway - Tremblay Rd parking (Waitsfield),44.204202,-72.806929,river_access,,,,,,,Mad River,Mad River Path Association lot on Tremblay Rd.,"geocoded 2026-09-24: Nominatim OSM way/19728207 (Tremblay Rd), vertex nearest the Mad River VHD line",low,https://madriverpath.org/maps ; https://fpr.vermont.gov/sites/fpr/files/Recreation/Learn_More/Library/Current%20VTS%20Members.pdf,,"Geocode 'Tremblay Rd, Waitsfield VT' and put the pin at the river end.",6.5,OSRM,,,,,,
access,Dog River Jacuzzi Natural Area - Berlin VFD lot (2095 VT-12),44.199918,-72.634550,river_access,,,,,,,Dog River mainstem,Park in the Berlin Volunteer Fire Department lot just north of the Rte 12 bridge; look for the Dog River Park sign and walk down behind the station.,GP,high,https://vermontriverconservancy.org/sites/dog-river-jacuzzi-natural-area,,Vermont River Conservancy access on a premier wild-trout river; this is also the report's 572-ft temperature site. Near the reduced-harvest stretch (verify).,39.2,OSRM,,,,,,
access,Roxbury Gap Rd / Warren Mountain Rd (the gap),44.109423,-72.787851,landmark,,,,,,,Felchner Brook,Unpaved road over the Northfield Range from Brook Rd in Warren to Roxbury; pull-offs only.,"geocoded 2026-09-24: Nominatim OSM node/205084130: Roxbury Gap, Warren, Washington County, Vermont, United States",low,general knowledge; https://roxburyvt.org/roxburyvt-attractions/,,The direct route from the inn to the Dog River side (~25 min). The Felchner Brook B1 point is on the Roxbury side of the gap — verify which road it's nearest.,13.1,OSRM,,,,,,
access,"Moss Glen Falls pull-off (Granville Gulf, Rte 100)",44.018022,-72.850075,landmark,,,,,,,Mad River,Roadside pull-off on Rte 100 in Granville Gulf.,"geocoded 2026-09-24: Nominatim OSM node/1951272330: Moss Glen Falls, Granville, Addison County, Vermont, 05747, United States",low,general knowledge,,"Geocode 'Moss Glen Falls, Granville VT' (rough estimate 44.0275,-72.858). The Mad rises in the gulf; tiny headwater brookie water.",25.8,OSRM,,,,,,
access,Coits Pond (state fishing access),44.443900,-72.325300,river_access,,,,,,,,State fishing access area; parking on site.,VT F&W Fishing Access Areas dataset,high,Vermont Open Geodata Portal - Fishing Access Areas (VT ANR / Fish & Wildlife),,"Boating/Fishing on Coits Pond, Cabot. Owner: F&W.",79.9,OSRM,,,,,,
access,Curtis Pond (state fishing access),44.376500,-72.500700,river_access,,,,,,,,State fishing access area; parking on site.,VT F&W Fishing Access Areas dataset,high,Vermont Open Geodata Portal - Fishing Access Areas (VT ANR / Fish & Wildlife),,"Boating/Fishing on Curtis Pond, Calais. Owner: F&W. Ramp: Gravel.",60.8,OSRM,,,,,,
access,Fosters Pond (state fishing access),44.329400,-72.214600,river_access,,,,,,,,State fishing access area; parking on site.,VT F&W Fishing Access Areas dataset,high,Vermont Open Geodata Portal - Fishing Access Areas (VT ANR / Fish & Wildlife),,"Boating/Fishing on Foster Pond, Peacham. Owner: F&W. Ramp: Concrete Plank.",86,OSRM,,,,,,
access,Greenwood Lake (state fishing access),44.455100,-72.420500,river_access,,,,,,,,State fishing access area; parking on site.,VT F&W Fishing Access Areas dataset,high,Vermont Open Geodata Portal - Fishing Access Areas (VT ANR / Fish & Wildlife),,"Boating/Fishing on Greenwood Lake, Woodbury. Owner: F&W. Ramp: Concrete Plank. State lists brown trout.",70.7,OSRM,,,,,,
access,Joe's Pond (state fishing access),44.403600,-72.218300,river_access,,,,,,,,State fishing access area; parking on site.,VT F&W Fishing Access Areas dataset,high,Vermont Open Geodata Portal - Fishing Access Areas (VT ANR / Fish & Wildlife),,"Boating/Fishing on Joe's Pond, Danville. Owner: F&W. Ramp: Concrete. State lists brown, rainbow trout.",70.7,OSRM,,,,,,
access,Vaughn M. Douglass (state fishing access),44.527000,-72.521300,river_access,,,,,,,,State fishing access area; parking on site.,VT F&W Fishing Access Areas dataset,high,Vermont Open Geodata Portal - Fishing Access Areas (VT ANR / Fish & Wildlife),,"Boating/Fishing on Lake Elmore, Elmore. Owner: F&W. Ramp: Concrete.",70.6,OSRM,,,,,,
access,Lake Iroquois (state fishing access),44.377100,-73.090200,river_access,,,,,,,,State fishing access area; parking on site.,VT F&W Fishing Access Areas dataset,high,Vermont Open Geodata Portal - Fishing Access Areas (VT ANR / Fish & Wildlife),,"Boating/Fishing on Lake Iroquois, Williston. Owner: F&W. Ramp: Concrete Plank.",63.7,OSRM,,,,,,
access,Lamoille River - Rotary (state fishing access),44.567400,-72.549500,river_access,,,,,,,,State fishing access area; parking on site.,VT F&W Fishing Access Areas dataset,high,Vermont Open Geodata Portal - Fishing Access Areas (VT ANR / Fish & Wildlife),,"Shore Fishing on Lamoille River, Morristown. Owner: F&W. State lists brook, brown, rainbow trout.",63.8,OSRM,,,,,,
access,Lyford Pond (state fishing access),44.446800,-72.246900,river_access,,,,,,,,State fishing access area; parking on site.,VT F&W Fishing Access Areas dataset,high,Vermont Open Geodata Portal - Fishing Access Areas (VT ANR / Fish & Wildlife),,"Boating/Fishing on Lyford Pond, Walden. Owner: F&W.",78.8,OSRM,,,,,,
access,Marshfield Dam (state fishing access),44.363100,-72.303200,river_access,,,,,,,,State fishing access area; parking on site.,VT F&W Fishing Access Areas dataset,high,Vermont Open Geodata Portal - Fishing Access Areas (VT ANR / Fish & Wildlife),,"Boating/Fishing on Mollys Falls Reservoir, Cabot. Owner: Lease. Ramp: Concrete. State lists brown, rainbow trout.",64.2,OSRM,,,,,,
access,Hardwick Lake (state fishing access),44.535800,-72.373600,river_access,,,,,,,,State fishing access area; parking on site.,VT F&W Fishing Access Areas dataset,high,Vermont Open Geodata Portal - Fishing Access Areas (VT ANR / Fish & Wildlife),,"Boating/Fishing on Hardwick Lake, Hardwick. Owner: F&W. Ramp: Gravel.",81.5,OSRM,,,,,,
access,Martins Pond (state fishing access),44.304200,-72.205600,river_access,,,,,,,,State fishing access area; parking on site.,VT F&W Fishing Access Areas dataset,high,Vermont Open Geodata Portal - Fishing Access Areas (VT ANR / Fish & Wildlife),,"Boating/Fishing on Martins Pond, Peacham. Owner: F&W. Ramp: Concrete Plank. State lists brook trout.",98.4,OSRM,,,,,,
access,Mirror Lake (state fishing access),44.391300,-72.447500,river_access,,,,,,,,State fishing access area; parking on site.,VT F&W Fishing Access Areas dataset,high,Vermont Open Geodata Portal - Fishing Access Areas (VT ANR / Fish & Wildlife),,"Boating/Fishing on Mirror Lake, Calais. Owner: F&W. Ramp: Concrete Plank. State lists rainbow trout.",66.9,OSRM,,,,,,
access,Nelson Pond (state fishing access),44.409800,-72.446800,river_access,,,,,,,,State fishing access area; parking on site.,VT F&W Fishing Access Areas dataset,high,Vermont Open Geodata Portal - Fishing Access Areas (VT ANR / Fish & Wildlife),,"Boating/Fishing on Nelson Pond, Woodbury. Owner: F&W. Ramp: Gravel. State lists brown, rainbow trout.",72.5,OSRM,,,,,,
access,North Montpelier Pond (state fishing access),44.306100,-72.446400,river_access,,,,,,,,State fishing access area; parking on site.,VT F&W Fishing Access Areas dataset,high,Vermont Open Geodata Portal - Fishing Access Areas (VT ANR / Fish & Wildlife),,"Boating/Fishing on North Montpelier Pond, E. Montpelier. Owner: F&W. Ramp: Gravel.",53.2,OSRM,,,,,,
access,Peacham Pond (state fishing access),44.333600,-72.265400,river_access,,,,,,,,State fishing access area; parking on site.,VT F&W Fishing Access Areas dataset,high,Vermont Open Geodata Portal - Fishing Access Areas (VT ANR / Fish & Wildlife),,"Boating/Fishing on Peacham Pond, Peacham. Owner: F&W. Ramp: Gravel. State lists brown trout.",71.1,OSRM,,,,,,
access,Baker Pond (Brookfield) (state fishing access),44.069800,-72.634700,river_access,,,,,,,,State fishing access area; parking on site.,VT F&W Fishing Access Areas dataset,high,Vermont Open Geodata Portal - Fishing Access Areas (VT ANR / Fish & Wildlife),,"Boating/Fishing on Baker Pond, Brookfield. Owner: F&W. Ramp: Gravel. State lists brook trout.",39.3,OSRM,,,,,,
access,Rood Pond (state fishing access),44.077900,-72.588200,river_access,,,,,,,,State fishing access area; parking on site.,VT F&W Fishing Access Areas dataset,high,Vermont Open Geodata Portal - Fishing Access Areas (VT ANR / Fish & Wildlife),,"Boating/Fishing on Rood Pond, Williamstown. Owner: F&W. Ramp: Concrete Plank. State lists brook trout.",49,OSRM,,,,,,
access,Valley Lake (state fishing access),44.443600,-72.447100,river_access,,,,,,,,State fishing access area; parking on site.,VT F&W Fishing Access Areas dataset,high,Vermont Open Geodata Portal - Fishing Access Areas (VT ANR / Fish & Wildlife),,"Boating/Fishing on Valley Lake, Woodbury. Owner: F&W. Ramp: Gravel.",75.5,OSRM,,,,,,
access,Ward (state fishing access),44.290400,-72.724400,river_access,,,,,,,,State fishing access area; parking on site.,VT F&W Fishing Access Areas dataset,high,Vermont Open Geodata Portal - Fishing Access Areas (VT ANR / Fish & Wildlife),,"Shore Fishing on Mad River, Moretown. Owner: F&W. State lists brown, rainbow trout.",20.3,OSRM,,,,,,
access,West Hill Pond (state fishing access),44.414200,-72.342800,river_access,,,,,,,,State fishing access area; parking on site.,VT F&W Fishing Access Areas dataset,high,Vermont Open Geodata Portal - Fishing Access Areas (VT ANR / Fish & Wildlife),,"Boating/Fishing on West Hill Pond, Cabot. Owner: F&W.",73.9,OSRM,,,,,,
access,Bristol Pond (state fishing access),44.181900,-73.099800,river_access,,,,,,,,State fishing access area; parking on site.,VT F&W Fishing Access Areas dataset,high,Vermont Open Geodata Portal - Fishing Access Areas (VT ANR / Fish & Wildlife),,"Boating/Fishing on Bristol Pond, Bristol. Owner: F&W. Ramp: Concrete.",50.2,OSRM,,,,,,
access,Wolcott Pond (state fishing access),44.566500,-72.427100,river_access,,,,,,,,State fishing access area; parking on site.,VT F&W Fishing Access Areas dataset,high,Vermont Open Geodata Portal - Fishing Access Areas (VT ANR / Fish & Wildlife),,"Boating/Fishing on Wolcott Pond, Wolcott. Owner: F&W. Ramp: Concrete Plank.",82.2,OSRM,,,,,,
access,Sabin Pond (state fishing access),44.407400,-72.413900,river_access,,,,,,,,State fishing access area; parking on site.,VT F&W Fishing Access Areas dataset,high,Vermont Open Geodata Portal - Fishing Access Areas (VT ANR / Fish & Wildlife),,"Boating/Fishing on Sabin Pond, Woodbury. Owner: F&W. Ramp: Concrete. State lists brown, rainbow trout.",64.8,OSRM,,,,,,
access,Buck Lake (state fishing access),44.467100,-72.396600,river_access,,,,,,,,State fishing access area; parking on site.,VT F&W Fishing Access Areas dataset,high,Vermont Open Geodata Portal - Fishing Access Areas (VT ANR / Fish & Wildlife),,"Boating/Fishing on Buck Lake, Woodbury. Owner: F&W. Ramp: Gravel. State lists brook trout.",76.6,OSRM,,,,,,
access,Fisher Bridge (state fishing access),44.532600,-72.427800,river_access,,,,,,,,State fishing access area; parking on site.,VT F&W Fishing Access Areas dataset,high,Vermont Open Geodata Portal - Fishing Access Areas (VT ANR / Fish & Wildlife),,"Shore Fishing on Lamoille River, Wolcott. Owner: F&W. State lists brown, rainbow trout.",75,OSRM,,,,,,
access,New Haven Fishing Platform (state fishing access),44.123300,-73.034200,river_access,,,,,,,,State fishing access area; parking on site.,VT F&W Fishing Access Areas dataset,high,Vermont Open Geodata Portal - Fishing Access Areas (VT ANR / Fish & Wildlife),,"Shore Fishing on New Haven River, Bristol. Owner: Town. State lists brook, rainbow trout.",38.7,OSRM,,,,,,
access,Lewis Creek at Tyler Bridge (state fishing access),44.277300,-73.081400,river_access,,,,,,,,State fishing access area; parking on site.,VT F&W Fishing Access Areas dataset,high,Vermont Open Geodata Portal - Fishing Access Areas (VT ANR / Fish & Wildlife),,"Boating/Fishing on Lewis Creek, Monkton. Owner: F&W.",50.1,OSRM,,,,,,
access,Upper Lamoille River (state fishing access),44.551600,-72.478700,river_access,,,,,,,,State fishing access area; parking on site.,VT F&W Fishing Access Areas dataset,high,Vermont Open Geodata Portal - Fishing Access Areas (VT ANR / Fish & Wildlife),,"Boating/Fishing on Lamoille River, Wolcott. Owner: F&W. Ramp: Steps.",70.8,OSRM,,,,,,
access,Berlin Pond (state fishing access),44.208800,-72.582200,river_access,,,,,,,,State fishing access area; parking on site.,VT F&W Fishing Access Areas dataset,high,Vermont Open Geodata Portal - Fishing Access Areas (VT ANR / Fish & Wildlife),,"Boating/Fishing on Berlin Pond, Berlin. Owner: Municipality. Ramp: Steps.",39.8,OSRM,,,,,,
poi,The Inn at the Round Barn Farm,44.167743,-72.811230,,base,,,,,,,,Google Places 2026-09-23,high,Google Places,,"Home base, 1661 E Warren Rd, Waitsfield. All drive times measured from here.",0,OSRM,,,,,,
poi,The Silver Trout (fly shop),44.189633,-72.823906,,fly_shop,,,,,,,,Google Places 2026-09-23,high,https://thesilvertrout.com/fly-fishing-shop,,"40 Bridge St, Unit 4 (upstairs), Waitsfield. Fri-Sat 10-4, Sun 10-3, or by appointment 802-496-3110. Flies and current local advice.",3.7,OSRM,,,,,,
poi,Blueberry Lake (stocked brook trout),44.080122,-72.837881,,lake,,,,,,,,Google Places (parking lot) 2026-09-24,medium,VFWD 2017 p.8; https://www.fs.usda.gov/r09/gmfl/recreation/trails/blueberry-lake-trails,,"48-acre USFS lake on Plunkton Rd, East Warren: stocked brook trout plus largemouth, bluegill, bullhead (report p.8). Swimming, kayaking, easy trail loops. Move the pin onto the lake; the lot is across the road.",16.6,OSRM,,,,,,
poi,Roxbury Fish Culture Station,44.064451,-72.744200,,landmark,,,,,,,,Google Places 2026-09-24,high,https://vtfishandwildlife.com/fish/fish-stocking/roxbury-fish-culture-station ; https://roxburyvt.org/roxburyvt-attractions/,,"3696 Roxbury Rd (Rte 12A). Vermont's oldest hatchery (1891), rebuilt after Irene and open to visitors; raises brook and rainbow trout. Sits on Flint Brook / Third Branch of the White River, not the Dog — but Rte 12A north from here follows the upper Dog River, brookies-only above Rte 12A per the report.",24.7,OSRM,,,,,,
